sample	rep	fastq_r1	fastq_r2
yw-3LW-F-wing-CnR-K9me3-sup	rep1	/proj/droniolb/HTSF/200218_UNC31-K00269_0266_AHGKHKBBXY/yw_K9me3_sup_1_CCGCGGTT-AGCGCTAG_S27_L003_R1_001.fastq.gz	/proj/droniolb/HTSF/200218_UNC31-K00269_0266_AHGKHKBBXY/yw_K9me3_sup_1_CCGCGGTT-AGCGCTAG_S27_L003_R2_001.fastq.gz
yw-3LW-F-wing-CnR-K9me3-sup	rep2	/proj/droniolb/HTSF/200218_UNC31-K00269_0266_AHGKHKBBXY/yw_K9me3_sup_2_GGACTTGG-CGCAGACG_S28_L003_R1_001.fastq.gz	/proj/droniolb/HTSF/200218_UNC31-K00269_0266_AHGKHKBBXY/yw_K9me3_sup_2_GGACTTGG-CGCAGACG_S28_L003_R2_001.fastq.gz
yw-3LW-F-wing-CnR-K9me3-sup	rep3	/proj/droniolb/HTSF/200218_UNC31-K00269_0266_AHGKHKBBXY/yw_K9me3_sup_3_ATCCACTG-AGGTGCGT_S29_L003_R1_001.fastq.gz	/proj/droniolb/HTSF/200218_UNC31-K00269_0266_AHGKHKBBXY/yw_K9me3_sup_3_ATCCACTG-AGGTGCGT_S29_L003_R2_001.fastq.gz
yw-3LW-F-wing-CnR-K9me3-pel	rep1	/proj/droniolb/HTSF/200218_UNC31-K00269_0266_AHGKHKBBXY/yw_K9me3_pel_1_TTATAACC-GATATCGA_S24_L003_R1_001.fastq.gz	/proj/droniolb/HTSF/200218_UNC31-K00269_0266_AHGKHKBBXY/yw_K9me3_pel_1_TTATAACC-GATATCGA_S24_L003_R2_001.fastq.gz
yw-3LW-F-wing-CnR-K9me3-pel	rep2	/proj/droniolb/HTSF/200218_UNC31-K00269_0266_AHGKHKBBXY/yw_K9me3_pel_2_AAGTCCAA-TATGAGTA_S25_L003_R1_001.fastq.gz	/proj/droniolb/HTSF/200218_UNC31-K00269_0266_AHGKHKBBXY/yw_K9me3_pel_2_AAGTCCAA-TATGAGTA_S25_L003_R2_001.fastq.gz
yw-3LW-F-wing-CnR-K9me3-pel	rep3	/proj/droniolb/HTSF/200218_UNC31-K00269_0266_AHGKHKBBXY/yw_K9me3_pel_3_GCTTGTCA-GAACATAC_S26_L003_R1_001.fastq.gz	/proj/droniolb/HTSF/200218_UNC31-K00269_0266_AHGKHKBBXY/yw_K9me3_pel_3_GCTTGTCA-GAACATAC_S26_L003_R2_001.fastq.gz
hp1a2-3LW-F-wing-CnR-K9me3-sup	rep1	/proj/droniolb/HTSF/210615_UNC31-K00269_0299_BHLFTYBBXY/U25_A2_K9me3_S1-hp1a2-3LW-F-wing-CnR-K9me3-rep1-sup_ACTAAGAT-AACCGCGG_S1_L007_R1_001.fastq.gz	/proj/droniolb/HTSF/210615_UNC31-K00269_0299_BHLFTYBBXY/U25_A2_K9me3_S1-hp1a2-3LW-F-wing-CnR-K9me3-rep1-sup_ACTAAGAT-AACCGCGG_S1_L007_R2_001.fastq.gz
hp1a2-3LW-F-wing-CnR-K9me3-pel	rep1	/proj/droniolb/HTSF/210615_UNC31-K00269_0299_BHLFTYBBXY/U26_A2_K9me3_P1-hp1a2-3LW-F-wing-CnR-K9me3-rep1-pel_GTCGGAGC-GGTTATAA_S2_L007_R1_001.fastq.gz	/proj/droniolb/HTSF/210615_UNC31-K00269_0299_BHLFTYBBXY/U26_A2_K9me3_P1-hp1a2-3LW-F-wing-CnR-K9me3-rep1-pel_GTCGGAGC-GGTTATAA_S2_L007_R2_001.fastq.gz
ywdf-3LW-F-wing-CnR-K9me3-sup	rep1	/proj/droniolb/HTSF/210615_UNC31-K00269_0299_BHLFTYBBXY/U27_Df_K9me3_S1-ywdf-3LW-F-wing-CnR-K9me3-rep1-sup_CTTGGTAT-CCAAGTCC_S3_L007_R1_001.fastq.gz	/proj/droniolb/HTSF/210615_UNC31-K00269_0299_BHLFTYBBXY/U27_Df_K9me3_S1-ywdf-3LW-F-wing-CnR-K9me3-rep1-sup_CTTGGTAT-CCAAGTCC_S3_L007_R2_001.fastq.gz
ywdf-3LW-F-wing-CnR-K9me3-pel	rep1	/proj/droniolb/HTSF/210615_UNC31-K00269_0299_BHLFTYBBXY/U28_Df_K9me3_P1-ywdf-3LW-F-wing-CnR-K9me3-rep1-pel_TCCAACGC-TTGGACTT_S4_L007_R1_001.fastq.gz	/proj/droniolb/HTSF/210615_UNC31-K00269_0299_BHLFTYBBXY/U28_Df_K9me3_P1-ywdf-3LW-F-wing-CnR-K9me3-rep1-pel_TCCAACGC-TTGGACTT_S4_L007_R2_001.fastq.gz
hp1a2-3LW-F-wing-CnR-K9me3-sup	rep2	/proj/droniolb/HTSF/210615_UNC31-K00269_0299_BHLFTYBBXY/U29_A2_K9me3_S2-hp1a2-3LW-F-wing-CnR-K9me3-rep2-sup_CCGTGAAG-CAGTGGAT_S5_L007_R1_001.fastq.gz	/proj/droniolb/HTSF/210615_UNC31-K00269_0299_BHLFTYBBXY/U29_A2_K9me3_S2-hp1a2-3LW-F-wing-CnR-K9me3-rep2-sup_CCGTGAAG-CAGTGGAT_S5_L007_R2_001.fastq.gz
hp1a2-3LW-F-wing-CnR-K9me3-pel	rep2	/proj/droniolb/HTSF/210615_UNC31-K00269_0299_BHLFTYBBXY/U30_A2_K9me3_P2-hp1a2-3LW-F-wing-CnR-K9me3-rep2-pel_TTACAGGA-TGACAAGC_S6_L007_R1_001.fastq.gz	/proj/droniolb/HTSF/210615_UNC31-K00269_0299_BHLFTYBBXY/U30_A2_K9me3_P2-hp1a2-3LW-F-wing-CnR-K9me3-rep2-pel_TTACAGGA-TGACAAGC_S6_L007_R2_001.fastq.gz
ywdf-3LW-F-wing-CnR-K9me3-pel	rep2	/proj/droniolb/HTSF/210615_UNC31-K00269_0299_BHLFTYBBXY/U32_Df_K9me3_P2-ywdf-3LW-F-wing-CnR-K9me3-rep2-pel_AATGCCTC-TCGATCCA_S7_L007_R1_001.fastq.gz	/proj/droniolb/HTSF/210615_UNC31-K00269_0299_BHLFTYBBXY/U32_Df_K9me3_P2-ywdf-3LW-F-wing-CnR-K9me3-rep2-pel_AATGCCTC-TCGATCCA_S7_L007_R2_001.fastq.gz
hp1a2-3LW-F-wing-CnR-K9me3-sup	rep3	/proj/droniolb/HTSF/210615_UNC31-K00269_0299_BHLFTYBBXY/U33_A2_K9me3_S3-hp1a2-3LW-F-wing-CnR-K9me3-rep3-sup_TACCGAGG-CCTGAACT_S8_L007_R1_001.fastq.gz	/proj/droniolb/HTSF/210615_UNC31-K00269_0299_BHLFTYBBXY/U33_A2_K9me3_S3-hp1a2-3LW-F-wing-CnR-K9me3-rep3-sup_TACCGAGG-CCTGAACT_S8_L007_R2_001.fastq.gz
hp1a2-3LW-F-wing-CnR-K9me3-pel	rep3	/proj/droniolb/HTSF/210615_UNC31-K00269_0299_BHLFTYBBXY/U34_A2_K9me3_P3-hp1a2-3LW-F-wing-CnR-K9me3-rep3-pel_CGTTAGAA-TTCAGGTC_S9_L007_R1_001.fastq.gz	/proj/droniolb/HTSF/210615_UNC31-K00269_0299_BHLFTYBBXY/U34_A2_K9me3_P3-hp1a2-3LW-F-wing-CnR-K9me3-rep3-pel_CGTTAGAA-TTCAGGTC_S9_L007_R2_001.fastq.gz
ywdf-3LW-F-wing-CnR-K9me3-pel	rep3	/proj/droniolb/HTSF/210615_UNC31-K00269_0299_BHLFTYBBXY/U36_Df_K9me3_P3-ywdf-3LW-F-wing-CnR-K9me3-rep3-pel_GATTCTGC-GACGAGAG_S11_L007_R1_001.fastq.gz	/proj/droniolb/HTSF/210615_UNC31-K00269_0299_BHLFTYBBXY/U36_Df_K9me3_P3-ywdf-3LW-F-wing-CnR-K9me3-rep3-pel_GATTCTGC-GACGAGAG_S11_L007_R2_001.fastq.gz
hp1a2-3LW-F-wing-CnR-K9me3-sup	rep4	/proj/droniolb/HTSF/210615_UNC31-K00269_0299_BHLFTYBBXY/U41_A2_K9me3_S4-hp1a2-3LW-F-wing-CnR-K9me3-rep4-sup_ATATGGAT-CTGTATTA_S16_L007_R1_001.fastq.gz	/proj/droniolb/HTSF/210615_UNC31-K00269_0299_BHLFTYBBXY/U41_A2_K9me3_S4-hp1a2-3LW-F-wing-CnR-K9me3-rep4-sup_ATATGGAT-CTGTATTA_S16_L007_R2_001.fastq.gz
hp1a2-3LW-F-wing-CnR-K9me3-pel	rep4	/proj/droniolb/HTSF/210615_UNC31-K00269_0299_BHLFTYBBXY/U42_A2_K9me3_P4-hp1a2-3LW-F-wing-CnR-K9me3-rep4-pel_GCGCAAGC-TCACGCCG_S17_L007_R1_001.fastq.gz	/proj/droniolb/HTSF/210615_UNC31-K00269_0299_BHLFTYBBXY/U42_A2_K9me3_P4-hp1a2-3LW-F-wing-CnR-K9me3-rep4-pel_GCGCAAGC-TCACGCCG_S17_L007_R2_001.fastq.gz
ywdf-3LW-F-wing-CnR-K9me3-sup	rep4	/proj/droniolb/HTSF/210615_UNC31-K00269_0299_BHLFTYBBXY/U43_Df_K9me3_S4-ywdf-3LW-F-wing-CnR-K9me3-rep4-sup_AAGATACT-ACTTACAT_S18_L007_R1_001.fastq.gz	/proj/droniolb/HTSF/210615_UNC31-K00269_0299_BHLFTYBBXY/U43_Df_K9me3_S4-ywdf-3LW-F-wing-CnR-K9me3-rep4-sup_AAGATACT-ACTTACAT_S18_L007_R2_001.fastq.gz
ywdf-3LW-F-wing-CnR-K9me3-pel	rep4	/proj/droniolb/HTSF/210615_UNC31-K00269_0299_BHLFTYBBXY/U44_Df_K9me3_P4-ywdf-3LW-F-wing-CnR-K9me3-rep4-pel_GGAGCGTC-GTCCGTGC_S19_L007_R1_001.fastq.gz	/proj/droniolb/HTSF/210615_UNC31-K00269_0299_BHLFTYBBXY/U44_Df_K9me3_P4-ywdf-3LW-F-wing-CnR-K9me3-rep4-pel_GGAGCGTC-GTCCGTGC_S19_L007_R2_001.fastq.gz
yw-3LW-F-wing-CnR-K9me3-sup	merge	merge-fastq/yw-k9me3-sup-merged_R1.fastq.gz	merge-fastq/yw-k9me3-sup-merged_R2.fastq.gz
yw-3LW-F-wing-CnR-K9me3-pel	merge	merge-fastq/yw-k9me3-pel-merged_R1.fastq.gz	merge-fastq/yw-k9me3-pel-merged_R2.fastq.gz
hp1a2-3LW-F-wing-CnR-K9me3-sup	merge	merge-fastq/hp1a2-k9me3-sup-merged_R1.fastq.gz	merge-fastq/hp1a2-k9me3-sup-merged_R2.fastq.gz
hp1a2-3LW-F-wing-CnR-K9me3-pel	merge	merge-fastq/hp1a2-k9me3-pel-merged_R1.fastq.gz	merge-fastq/hp1a2-k9me3-pel-merged_R2.fastq.gz
ywdf-3LW-F-wing-CnR-K9me3-sup	merge	merge-fastq/ywdf-k9me3-sup-merged_R1.fastq.gz	merge-fastq/ywdf-k9me3-sup-merged_R2.fastq.gz
ywdf-3LW-F-wing-CnR-K9me3-pel	merge	merge-fastq/ywdf-k9me3-pel-merged_R1.fastq.gz	merge-fastq/ywdf-k9me3-pel-merged_R2.fastq.gz